sample_id,time_min,N_mg_kg,P_mg_kg,K_mg_kg,moisture_pct,label
1,0,226.7,126.7,214.0,49.8,inorganic
1,5,283.6,155.3,256.3,47.7,inorganic
1,15,445.9,214.9,330.3,41.7,inorganic
1,30,686.4,289.4,482.7,28.8,inorganic
1,60,817.9,351.1,578.5,18.3,inorganic
1,120,872.8,403.3,652.6,16.7,inorganic
2,0,289.8,149.9,234.5,48.0,inorganic
2,5,332.4,171.3,298.1,46.2,inorganic
2,15,473.2,223.7,373.0,42.4,inorganic
2,30,699.9,335.0,500.6,32.6,inorganic
2,60,831.7,420.5,707.9,23.5,inorganic
2,120,923.3,461.1,716.3,22.1,inorganic
3,0,215.2,122.4,208.5,51.9,inorganic
3,5,256.5,135.9,242.3,50.3,inorganic
3,15,431.2,190.8,348.7,43.3,inorganic
3,30,629.1,280.3,491.4,27.3,inorganic
3,60,793.2,397.0,621.5,18.5,inorganic
3,120,774.0,416.4,639.7,19.2,inorganic
4,0,260.1,137.0,232.4,49.3,inorganic
4,5,316.6,139.3,284.9,48.8,inorganic
4,15,448.5,205.1,397.3,38.5,inorganic
4,30,726.9,296.0,596.1,27.4,inorganic
4,60,807.2,362.8,643.3,18.5,inorganic
4,120,950.5,402.3,687.8,16.3,inorganic
5,0,256.5,135.5,218.7,50.9,inorganic
5,5,295.6,172.5,253.6,47.1,inorganic
5,15,446.6,279.2,351.6,40.1,inorganic
5,30,703.1,386.2,466.1,27.2,inorganic
5,60,893.7,514.0,559.8,17.4,inorganic
5,120,918.0,526.5,634.0,17.5,inorganic
6,0,216.2,108.3,200.3,51.2,inorganic
6,5,249.7,135.3,271.4,49.5,inorganic
6,15,420.8,191.5,388.3,40.4,inorganic
6,30,650.1,316.5,557.9,28.1,inorganic
6,60,743.6,402.1,666.0,21.0,inorganic
6,120,755.1,447.3,706.0,19.1,inorganic
7,0,255.5,154.8,245.6,48.3,inorganic
7,5,345.4,184.6,275.9,48.2,inorganic
7,15,516.6,266.7,424.9,38.2,inorganic
7,30,691.3,429.9,609.9,27.8,inorganic
7,60,935.0,480.2,749.8,18.7,inorganic
7,120,971.7,501.3,809.9,17.1,inorganic
8,0,216.4,128.8,222.8,50.6,inorganic
8,5,254.5,158.8,257.9,46.1,inorganic
8,15,413.5,224.5,383.7,40.5,inorganic
8,30,577.8,369.0,625.1,30.0,inorganic
8,60,716.9,456.0,666.6,22.1,inorganic
8,120,829.2,516.6,686.9,20.2,inorganic
9,0,269.9,131.4,183.7,50.9,inorganic
9,5,309.1,160.3,248.5,50.5,inorganic
9,15,439.7,252.0,361.5,41.3,inorganic
9,30,758.2,412.4,529.8,27.8,inorganic
9,60,847.5,458.4,711.2,19.3,inorganic
9,120,857.7,526.2,695.8,18.3,inorganic
10,0,255.4,149.0,271.6,49.9,inorganic
10,5,324.8,152.1,292.8,44.4,inorganic
10,15,428.3,222.7,409.1,39.5,inorganic
10,30,542.4,314.4,611.1,29.7,inorganic
10,60,762.6,402.0,662.4,19.2,inorganic
10,120,731.2,420.5,774.4,17.7,inorganic
11,0,236.7,147.5,224.0,46.6,inorganic
11,5,284.9,157.9,298.5,48.0,inorganic
11,15,433.6,228.4,398.9,41.8,inorganic
11,30,692.6,352.9,549.5,31.7,inorganic
11,60,824.7,449.5,683.0,22.5,inorganic
11,120,878.4,443.6,700.2,22.7,inorganic
12,0,230.2,135.4,187.3,51.9,inorganic
12,5,280.8,150.5,232.7,52.3,inorganic
12,15,439.3,217.6,360.9,42.4,inorganic
12,30,658.1,339.7,531.0,29.3,inorganic
12,60,883.9,455.1,719.8,21.1,inorganic
12,120,810.3,452.8,629.1,20.0,inorganic
13,0,208.7,119.1,195.5,51.8,inorganic
13,5,263.7,160.8,254.2,49.6,inorganic
13,15,402.0,221.3,352.8,41.1,inorganic
13,30,661.3,398.5,541.6,30.4,inorganic
13,60,830.4,454.3,712.8,23.6,inorganic
13,120,789.3,496.5,642.6,23.7,inorganic
14,0,215.9,134.1,198.5,49.7,inorganic
14,5,276.9,157.6,253.7,45.7,inorganic
14,15,454.3,207.9,386.1,38.0,inorganic
14,30,755.2,331.9,550.0,25.2,inorganic
14,60,836.1,403.2,678.6,18.5,inorganic
14,120,898.8,384.8,612.1,17.7,inorganic
15,0,234.8,128.7,214.1,50.1,inorganic
15,5,299.9,155.7,277.3,48.9,inorganic
15,15,428.7,214.1,351.6,39.3,inorganic
15,30,642.5,348.9,586.6,27.1,inorganic
15,60,809.3,429.6,675.8,17.2,inorganic
15,120,760.4,433.0,626.1,16.3,inorganic
16,0,223.5,127.5,189.7,46.8,inorganic
16,5,273.9,146.1,230.5,44.0,inorganic
16,15,462.1,215.6,361.6,39.0,inorganic
16,30,654.8,322.0,463.5,27.4,inorganic
16,60,918.6,433.0,615.8,20.3,inorganic
16,120,886.4,471.2,653.5,18.7,inorganic
17,0,259.7,147.1,198.2,51.8,inorganic
17,5,320.2,151.7,229.9,47.3,inorganic
17,15,417.6,230.9,334.3,42.6,inorganic
17,30,536.8,314.2,483.5,31.2,inorganic
17,60,761.4,415.1,595.4,22.8,inorganic
17,120,811.5,425.7,587.8,22.0,inorganic
18,0,234.5,132.1,188.3,56.5,inorganic
18,5,265.8,165.1,227.9,51.6,inorganic
18,15,417.9,241.4,340.1,44.6,inorganic
18,30,695.6,346.5,569.5,29.2,inorganic
18,60,799.7,473.2,623.3,20.8,inorganic
18,120,858.6,447.1,611.9,21.6,inorganic
19,0,242.6,141.4,237.1,47.5,inorganic
19,5,295.6,156.3,265.9,46.0,inorganic
19,15,404.1,256.1,397.5,39.4,inorganic
19,30,624.8,418.5,560.1,30.1,inorganic
19,60,763.1,504.9,652.8,21.9,inorganic
19,120,758.6,541.5,735.8,21.2,inorganic
20,0,251.4,137.0,234.4,45.1,inorganic
20,5,333.4,174.4,288.0,42.2,inorganic
20,15,449.9,237.3,415.8,37.5,inorganic
20,30,603.1,344.0,530.2,26.4,inorganic
20,60,818.2,450.0,727.8,18.6,inorganic
20,120,733.0,476.7,659.5,17.1,inorganic
21,0,231.0,136.1,244.7,53.7,inorganic
21,5,276.5,162.6,288.2,49.8,inorganic
21,15,460.8,212.9,399.4,41.3,inorganic
21,30,625.3,317.9,574.6,26.9,inorganic
21,60,823.4,432.2,722.2,18.3,inorganic
21,120,873.6,448.8,753.3,18.1,inorganic
22,0,241.7,129.5,183.4,51.0,inorganic
22,5,297.2,167.4,234.3,47.8,inorganic
22,15,470.8,260.0,409.0,41.6,inorganic
22,30,736.7,384.2,540.9,28.7,inorganic
22,60,872.7,495.2,642.2,22.4,inorganic
22,120,955.8,528.1,742.4,22.0,inorganic
23,0,252.8,128.0,184.2,52.1,inorganic
23,5,292.2,154.4,248.9,49.1,inorganic
23,15,461.4,208.1,361.3,42.3,inorganic
23,30,689.9,328.3,471.2,27.4,inorganic
23,60,914.1,414.0,580.9,19.0,inorganic
23,120,886.0,431.4,579.1,17.0,inorganic
24,0,218.1,139.4,211.3,52.5,inorganic
24,5,265.9,158.9,257.5,49.0,inorganic
24,15,455.9,258.7,382.8,41.1,inorganic
24,30,686.0,395.6,593.8,28.9,inorganic
24,60,771.6,534.7,737.4,19.7,inorganic
24,120,818.1,506.5,739.3,19.5,inorganic
25,0,268.7,157.3,245.7,49.7,inorganic
25,5,312.6,185.3,259.9,47.6,inorganic
25,15,473.4,260.4,353.1,40.3,inorganic
25,30,711.7,400.2,484.0,32.4,inorganic
25,60,811.2,538.9,636.0,24.2,inorganic
25,120,882.9,549.4,661.9,23.4,inorganic
26,0,256.3,132.9,230.3,48.2,inorganic
26,5,296.5,165.3,261.5,47.7,inorganic
26,15,444.9,218.8,402.6,41.3,inorganic
26,30,639.8,291.6,564.7,29.9,inorganic
26,60,866.0,350.2,613.7,21.3,inorganic
26,120,890.3,417.4,696.8,20.1,inorganic
27,0,238.6,145.0,250.3,47.0,inorganic
27,5,302.1,170.1,276.5,46.0,inorganic
27,15,413.5,239.4,441.8,38.1,inorganic
27,30,587.6,354.9,564.3,29.4,inorganic
27,60,783.0,509.9,741.0,22.7,inorganic
27,120,759.4,481.8,747.3,22.6,inorganic
28,0,245.4,122.0,237.0,49.3,inorganic
28,5,268.3,149.8,278.5,47.1,inorganic
28,15,389.8,216.5,403.5,40.8,inorganic
28,30,625.7,342.9,608.2,28.5,inorganic
28,60,825.9,424.9,742.4,21.6,inorganic
28,120,843.0,448.0,747.1,21.2,inorganic
29,0,257.7,150.5,237.3,48.0,inorganic
29,5,345.6,180.6,252.5,46.8,inorganic
29,15,450.2,240.2,379.5,39.5,inorganic
29,30,611.7,349.8,485.9,32.3,inorganic
29,60,880.1,435.4,690.1,24.1,inorganic
29,120,901.5,426.1,689.8,21.1,inorganic
30,0,247.3,157.8,245.7,53.0,inorganic
30,5,302.9,160.5,302.4,49.9,inorganic
30,15,429.5,232.8,373.4,42.2,inorganic
30,30,623.1,344.0,520.0,29.6,inorganic
30,60,769.1,443.4,702.4,18.7,inorganic
30,120,901.0,455.8,728.1,16.4,inorganic
31,0,221.6,117.2,183.3,50.7,inorganic
31,5,279.8,140.7,222.1,46.8,inorganic
31,15,390.2,217.2,361.3,40.6,inorganic
31,30,685.7,325.7,520.7,27.8,inorganic
31,60,779.8,370.3,670.0,19.2,inorganic
31,120,855.3,379.2,637.7,20.1,inorganic
32,0,255.7,135.9,222.0,47.1,inorganic
32,5,284.6,162.3,273.7,42.1,inorganic
32,15,434.1,220.0,421.7,37.5,inorganic
32,30,635.2,307.5,541.5,28.0,inorganic
32,60,835.0,364.0,753.6,19.9,inorganic
32,120,808.3,403.7,797.0,17.4,inorganic
33,0,265.3,164.3,239.7,45.2,inorganic
33,5,348.2,184.1,279.8,44.1,inorganic
33,15,411.5,248.0,408.6,38.9,inorganic
33,30,649.8,346.9,516.4,30.1,inorganic
33,60,764.8,422.5,674.4,22.2,inorganic
33,120,777.2,446.7,721.8,20.7,inorganic
34,0,240.6,138.3,180.7,50.7,inorganic
34,5,276.8,171.7,234.7,51.2,inorganic
34,15,425.9,274.7,336.3,42.1,inorganic
34,30,624.4,392.5,496.6,30.6,inorganic
34,60,715.1,564.1,571.2,23.7,inorganic
34,120,785.1,572.9,624.7,23.4,inorganic
35,0,217.6,138.5,197.9,50.2,inorganic
35,5,283.7,164.7,247.2,46.6,inorganic
35,15,409.8,253.7,373.2,38.2,inorganic
35,30,687.8,374.2,598.8,26.7,inorganic
35,60,886.2,450.7,638.8,17.5,inorganic
35,120,905.9,504.1,670.3,17.7,inorganic
36,0,255.9,118.9,201.0,49.2,inorganic
36,5,275.7,148.1,234.7,45.1,inorganic
36,15,418.9,217.5,326.4,40.8,inorganic
36,30,620.3,340.7,528.9,29.8,inorganic
36,60,860.2,471.1,576.7,22.8,inorganic
36,120,771.5,424.1,671.5,22.1,inorganic
37,0,246.5,135.0,188.5,51.0,inorganic
37,5,274.6,154.9,252.5,46.9,inorganic
37,15,420.8,224.4,374.3,39.7,inorganic
37,30,672.8,345.8,579.2,31.2,inorganic
37,60,814.4,491.4,733.9,23.6,inorganic
37,120,812.1,455.8,673.4,22.6,inorganic
38,0,230.5,128.9,192.8,54.7,inorganic
38,5,287.6,143.4,214.4,50.2,inorganic
38,15,432.8,227.4,324.1,41.9,inorganic
38,30,695.6,388.8,483.7,28.7,inorganic
38,60,812.0,521.0,641.9,20.2,inorganic
38,120,880.2,495.0,617.2,20.0,inorganic
39,0,309.2,145.1,258.2,45.6,inorganic
39,5,325.0,165.8,292.0,42.9,inorganic
39,15,474.9,221.6,395.3,36.2,inorganic
39,30,667.4,328.7,572.0,27.8,inorganic
39,60,889.9,411.5,657.2,18.3,inorganic
39,120,870.7,477.2,743.7,17.1,inorganic
40,0,253.1,122.9,217.8,52.8,inorganic
40,5,307.8,153.9,281.8,49.8,inorganic
40,15,464.9,218.7,397.8,40.8,inorganic
40,30,690.7,330.9,536.1,27.9,inorganic
40,60,946.8,430.8,646.3,19.3,inorganic
40,120,837.6,464.2,641.2,19.6,inorganic
41,0,233.9,146.7,163.9,49.7,inorganic
41,5,276.0,172.7,204.8,47.0,inorganic
41,15,431.4,267.5,325.0,39.2,inorganic
41,30,696.7,441.7,490.4,26.5,inorganic
41,60,863.4,570.0,626.7,17.7,inorganic
41,120,860.8,528.9,589.4,17.9,inorganic
42,0,233.0,130.2,202.4,50.2,inorganic
42,5,294.2,153.1,232.1,50.0,inorganic
42,15,423.9,247.5,339.5,38.2,inorganic
42,30,665.3,409.8,490.7,26.7,inorganic
42,60,861.6,478.4,641.2,17.8,inorganic
42,120,910.2,548.7,569.8,16.5,inorganic
43,0,235.2,133.5,173.6,46.5,inorganic
43,5,278.6,150.5,199.6,45.2,inorganic
43,15,473.9,238.0,313.5,39.2,inorganic
43,30,731.8,363.6,508.2,25.3,inorganic
43,60,831.0,493.0,610.6,18.1,inorganic
43,120,879.1,518.6,564.9,18.7,inorganic
44,0,207.5,113.8,194.8,50.9,inorganic
44,5,270.4,150.4,243.5,49.9,inorganic
44,15,389.4,210.6,373.7,42.3,inorganic
44,30,596.7,393.3,566.7,28.9,inorganic
44,60,771.2,493.2,620.1,21.9,inorganic
44,120,756.3,459.0,622.3,20.6,inorganic
45,0,262.0,165.3,210.3,49.2,inorganic
45,5,288.2,197.5,270.8,49.4,inorganic
45,15,402.1,287.9,372.8,40.3,inorganic
45,30,632.7,409.5,563.5,28.8,inorganic
45,60,689.9,541.3,693.0,18.7,inorganic
45,120,735.4,511.1,690.0,17.3,inorganic
46,0,278.6,144.4,226.0,49.5,inorganic
46,5,303.1,167.0,295.4,48.5,inorganic
46,15,417.0,229.2,416.2,39.7,inorganic
46,30,606.4,353.0,549.0,32.1,inorganic
46,60,837.8,449.6,707.7,25.9,inorganic
46,120,834.8,475.8,712.4,24.0,inorganic
47,0,237.9,155.1,234.7,47.7,inorganic
47,5,316.2,182.2,241.3,47.4,inorganic
47,15,420.0,268.2,351.4,38.6,inorganic
47,30,641.6,391.2,483.3,29.7,inorganic
47,60,739.2,484.5,648.5,22.2,inorganic
47,120,845.2,530.8,638.6,21.0,inorganic
48,0,215.0,127.8,164.9,50.5,inorganic
48,5,286.7,150.3,220.6,49.6,inorganic
48,15,442.2,192.7,365.8,41.0,inorganic
48,30,667.2,328.4,501.9,28.3,inorganic
48,60,863.8,405.6,579.3,20.2,inorganic
48,120,827.4,428.2,572.3,18.4,inorganic
49,0,260.2,135.3,217.4,51.4,inorganic
49,5,301.2,155.3,256.3,51.4,inorganic
49,15,392.2,216.8,380.7,43.5,inorganic
49,30,630.3,310.2,536.8,31.6,inorganic
49,60,699.5,405.7,630.8,24.3,inorganic
49,120,809.0,404.1,652.1,22.8,inorganic
50,0,278.2,154.8,251.4,46.7,inorganic
50,5,320.1,182.6,321.6,45.0,inorganic
50,15,485.3,216.9,411.1,37.7,inorganic
50,30,621.7,318.7,559.7,27.2,inorganic
50,60,770.1,400.3,713.2,18.5,inorganic
50,120,821.7,457.1,710.9,16.4,inorganic
51,0,216.0,128.5,188.6,49.1,inorganic
51,5,248.6,141.3,263.4,47.5,inorganic
51,15,426.6,214.3,416.6,38.2,inorganic
51,30,734.9,359.2,632.1,24.2,inorganic
51,60,827.1,436.5,677.3,16.7,inorganic
51,120,790.3,436.6,747.7,15.9,inorganic
52,0,237.4,130.2,195.5,48.5,inorganic
52,5,288.0,152.6,234.4,47.9,inorganic
52,15,478.6,239.9,335.9,41.8,inorganic
52,30,698.3,419.5,524.5,30.2,inorganic
52,60,883.0,520.9,598.6,24.4,inorganic
52,120,888.7,527.8,588.7,23.8,inorganic
53,0,251.5,135.2,202.1,51.7,inorganic
53,5,281.9,161.9,251.8,50.4,inorganic
53,15,438.8,243.6,361.8,43.7,inorganic
53,30,691.1,349.9,582.2,30.2,inorganic
53,60,933.2,471.4,747.7,25.0,inorganic
53,120,971.2,503.4,672.7,23.1,inorganic
54,0,255.2,139.1,224.9,52.8,inorganic
54,5,296.3,149.6,255.8,49.4,inorganic
54,15,395.9,237.5,372.0,40.9,inorganic
54,30,580.7,340.7,540.7,29.2,inorganic
54,60,819.8,446.6,659.9,19.3,inorganic
54,120,807.3,430.0,752.8,19.2,inorganic
55,0,239.4,151.7,217.5,50.0,inorganic
55,5,290.3,182.0,248.9,45.6,inorganic
55,15,475.3,259.7,362.3,37.9,inorganic
55,30,699.7,411.6,480.8,28.2,inorganic
55,60,823.2,517.0,664.7,18.8,inorganic
55,120,975.7,556.5,630.0,17.6,inorganic
56,0,250.9,104.7,208.8,50.6,inorganic
56,5,310.8,143.6,241.4,49.4,inorganic
56,15,495.9,222.4,412.2,43.0,inorganic
56,30,687.6,348.5,552.2,30.4,inorganic
56,60,874.2,466.8,695.9,22.1,inorganic
56,120,978.0,462.4,692.7,21.3,inorganic
57,0,198.8,120.9,217.2,54.4,inorganic
57,5,257.4,126.5,256.0,49.0,inorganic
57,15,372.1,195.2,358.5,41.4,inorganic
57,30,592.6,332.4,594.3,28.8,inorganic
57,60,786.7,371.8,672.1,21.4,inorganic
57,120,715.2,384.2,642.1,20.4,inorganic
58,0,243.8,144.7,257.5,48.2,inorganic
58,5,304.4,184.3,290.5,45.7,inorganic
58,15,446.7,249.7,384.3,40.4,inorganic
58,30,672.9,368.3,555.0,30.8,inorganic
58,60,755.5,527.3,640.5,22.2,inorganic
58,120,835.9,547.2,666.9,20.6,inorganic
59,0,242.3,110.1,201.4,53.4,inorganic
59,5,305.5,137.2,255.7,50.3,inorganic
59,15,440.4,185.5,340.9,40.2,inorganic
59,30,711.2,327.6,469.8,30.4,inorganic
59,60,761.3,386.6,633.8,20.9,inorganic
59,120,902.6,410.2,609.1,20.4,inorganic
60,0,234.1,158.7,242.1,50.9,inorganic
60,5,282.6,171.7,267.8,46.7,inorganic
60,15,436.5,267.2,415.4,42.0,inorganic
60,30,604.0,391.0,572.4,31.7,inorganic
60,60,823.8,489.1,763.9,22.1,inorganic
60,120,849.6,569.4,685.5,20.7,inorganic
61,0,123.3,73.2,100.3,52.8,organic_manure
61,5,128.1,74.6,117.1,52.2,organic_manure
61,15,141.0,76.5,118.2,52.0,organic_manure
61,30,138.4,80.7,126.9,51.8,organic_manure
61,60,147.3,91.0,158.2,53.4,organic_manure
61,120,174.7,90.7,167.0,52.8,organic_manure
62,0,117.1,82.4,89.1,53.2,organic_manure
62,5,133.6,88.4,101.7,53.9,organic_manure
62,15,145.9,86.2,111.0,51.4,organic_manure
62,30,169.0,108.8,141.3,50.9,organic_manure
62,60,199.8,110.1,152.4,52.3,organic_manure
62,120,222.0,136.4,171.6,51.9,organic_manure
63,0,144.0,71.3,122.9,48.1,organic_manure
63,5,136.1,82.2,113.8,49.3,organic_manure
63,15,156.8,93.3,126.6,48.1,organic_manure
63,30,167.6,95.5,140.7,47.8,organic_manure
63,60,179.9,120.9,154.4,48.4,organic_manure
63,120,224.3,120.9,165.7,46.9,organic_manure
64,0,133.4,86.3,99.3,50.3,organic_manure
64,5,143.9,80.2,108.9,51.2,organic_manure
64,15,149.7,86.1,105.5,50.5,organic_manure
64,30,146.4,92.8,120.9,50.7,organic_manure
64,60,167.7,96.8,125.6,47.7,organic_manure
64,120,189.2,107.1,154.1,49.2,organic_manure
65,0,132.7,69.5,101.4,52.4,organic_manure
65,5,124.3,75.1,98.0,52.5,organic_manure
65,15,139.8,92.1,105.7,53.3,organic_manure
65,30,161.7,103.9,132.6,50.9,organic_manure
65,60,163.0,111.0,131.4,51.8,organic_manure
65,120,200.1,130.4,148.9,50.6,organic_manure
66,0,119.5,78.9,108.8,56.0,organic_manure
66,5,113.7,81.5,113.0,55.8,organic_manure
66,15,134.2,99.7,135.4,56.9,organic_manure
66,30,141.5,104.1,140.2,54.5,organic_manure
66,60,182.2,121.7,173.6,53.6,organic_manure
66,120,177.6,132.7,207.1,54.6,organic_manure
67,0,127.6,77.7,103.8,57.7,organic_manure
67,5,137.3,92.6,109.3,57.4,organic_manure
67,15,136.7,103.6,123.9,56.4,organic_manure
67,30,163.0,99.5,127.3,57.3,organic_manure
67,60,156.7,128.4,151.8,55.5,organic_manure
67,120,177.9,129.1,149.3,56.7,organic_manure
68,0,126.7,87.2,98.8,48.0,organic_manure
68,5,132.1,88.8,118.0,48.4,organic_manure
68,15,130.9,84.3,123.4,48.4,organic_manure
68,30,148.5,91.4,136.8,48.5,organic_manure
68,60,175.8,103.2,154.2,47.9,organic_manure
68,120,180.9,113.9,183.6,47.3,organic_manure
69,0,132.5,84.5,110.8,54.8,organic_manure
69,5,129.1,90.6,115.2,54.8,organic_manure
69,15,135.6,91.1,116.0,55.1,organic_manure
69,30,156.3,94.3,118.3,53.9,organic_manure
69,60,178.7,102.6,136.7,55.1,organic_manure
69,120,176.0,109.5,150.1,54.6,organic_manure
70,0,131.9,75.1,96.3,59.8,organic_manure
70,5,139.5,74.2,108.1,59.1,organic_manure
70,15,151.3,81.4,115.5,59.6,organic_manure
70,30,185.0,87.1,136.0,59.1,organic_manure
70,60,210.6,93.0,138.7,59.5,organic_manure
70,120,235.8,105.1,155.6,58.1,organic_manure
71,0,127.4,87.0,96.1,60.6,organic_manure
71,5,136.8,92.8,95.0,61.2,organic_manure
71,15,148.0,93.7,102.7,60.7,organic_manure
71,30,165.1,93.3,128.7,57.9,organic_manure
71,60,194.7,103.6,145.6,60.1,organic_manure
71,120,215.4,105.0,157.0,57.6,organic_manure
72,0,125.3,76.7,91.1,55.9,organic_manure
72,5,129.9,88.6,98.6,58.7,organic_manure
72,15,134.9,86.5,115.7,56.1,organic_manure
72,30,156.5,97.0,129.3,57.6,organic_manure
72,60,171.0,105.2,157.5,55.2,organic_manure
72,120,205.7,122.6,173.7,54.7,organic_manure
73,0,107.1,83.3,112.6,49.3,organic_manure
73,5,123.9,79.5,118.7,50.4,organic_manure
73,15,142.1,83.1,127.3,51.5,organic_manure
73,30,146.3,85.9,136.8,49.5,organic_manure
73,60,180.3,97.7,133.5,51.2,organic_manure
73,120,215.5,107.4,151.1,49.7,organic_manure
74,0,118.1,82.4,100.5,51.0,organic_manure
74,5,126.5,92.6,114.5,51.3,organic_manure
74,15,136.9,92.1,120.6,51.8,organic_manure
74,30,164.8,101.1,153.7,51.4,organic_manure
74,60,179.6,99.5,158.7,50.7,organic_manure
74,120,185.0,109.6,169.6,49.0,organic_manure
75,0,114.6,78.1,103.4,57.4,organic_manure
75,5,125.9,90.2,99.5,57.9,organic_manure
75,15,149.9,103.2,116.3,56.6,organic_manure
75,30,151.3,115.3,134.7,57.3,organic_manure
75,60,194.6,117.2,151.1,57.5,organic_manure
75,120,225.3,133.6,172.7,57.5,organic_manure
76,0,113.5,92.0,101.3,59.4,organic_manure
76,5,129.1,95.4,100.5,58.6,organic_manure
76,15,129.8,98.8,108.8,59.2,organic_manure
76,30,144.5,116.7,126.5,60.3,organic_manure
76,60,162.2,127.4,156.3,60.9,organic_manure
76,120,189.8,137.8,176.0,59.5,organic_manure
77,0,116.5,91.3,94.6,56.8,organic_manure
77,5,117.8,93.3,103.0,56.9,organic_manure
77,15,149.2,98.0,120.0,55.6,organic_manure
77,30,173.8,114.5,148.5,55.6,organic_manure
77,60,176.2,138.9,169.7,56.6,organic_manure
77,120,216.0,151.4,181.9,53.7,organic_manure
78,0,115.6,74.3,107.6,52.6,organic_manure
78,5,113.0,72.2,120.4,51.9,organic_manure
78,15,126.7,86.6,122.5,50.3,organic_manure
78,30,161.8,83.5,138.1,50.6,organic_manure
78,60,177.0,90.4,158.8,50.6,organic_manure
78,120,199.3,99.4,159.2,51.8,organic_manure
79,0,128.5,69.3,101.1,57.1,organic_manure
79,5,121.9,78.6,114.6,58.0,organic_manure
79,15,136.5,76.3,107.3,55.9,organic_manure
79,30,151.3,81.7,119.5,57.4,organic_manure
79,60,148.6,101.0,140.8,54.5,organic_manure
79,120,185.2,101.9,150.4,53.4,organic_manure
80,0,118.5,67.1,103.1,56.5,organic_manure
80,5,132.2,81.8,104.0,55.0,organic_manure
80,15,143.0,78.3,122.2,56.4,organic_manure
80,30,167.4,97.3,141.9,57.0,organic_manure
80,60,190.6,102.0,160.1,55.6,organic_manure
80,120,213.1,112.4,166.3,56.1,organic_manure
81,0,131.5,77.4,108.2,60.0,organic_manure
81,5,130.5,88.8,111.4,61.3,organic_manure
81,15,157.7,86.0,107.1,58.7,organic_manure
81,30,159.4,94.2,130.3,59.4,organic_manure
81,60,203.3,111.8,134.9,59.7,organic_manure
81,120,207.4,121.5,150.0,57.5,organic_manure
82,0,136.1,75.3,101.7,56.4,organic_manure
82,5,145.3,78.9,96.9,55.3,organic_manure
82,15,146.1,93.4,109.4,56.2,organic_manure
82,30,164.7,94.0,127.8,55.9,organic_manure
82,60,164.3,119.1,138.6,55.8,organic_manure
82,120,193.7,114.5,141.9,55.1,organic_manure
83,0,110.2,81.5,94.7,48.4,organic_manure
83,5,115.8,93.5,101.3,48.0,organic_manure
83,15,119.9,102.8,121.9,47.8,organic_manure
83,30,143.0,104.2,142.7,47.7,organic_manure
83,60,162.0,124.8,149.3,49.3,organic_manure
83,120,191.7,142.1,191.7,48.0,organic_manure
84,0,137.9,70.7,94.5,54.0,organic_manure
84,5,144.8,72.2,95.7,51.7,organic_manure
84,15,152.7,80.7,108.1,50.7,organic_manure
84,30,149.0,90.6,116.8,52.5,organic_manure
84,60,172.2,100.5,139.3,52.6,organic_manure
84,120,180.6,115.4,164.9,50.3,organic_manure
85,0,121.4,93.1,115.7,58.0,organic_manure
85,5,122.3,86.2,114.3,57.8,organic_manure
85,15,137.9,96.5,111.7,60.7,organic_manure
85,30,144.3,98.0,130.0,58.6,organic_manure
85,60,158.9,97.4,127.2,57.4,organic_manure
85,120,170.2,104.5,149.4,57.7,organic_manure
86,0,113.2,81.3,101.8,57.8,organic_manure
86,5,127.2,83.9,104.7,56.6,organic_manure
86,15,138.0,92.1,126.2,55.7,organic_manure
86,30,153.4,91.4,118.3,55.3,organic_manure
86,60,190.1,105.2,142.6,54.6,organic_manure
86,120,224.1,102.5,141.4,54.5,organic_manure
87,0,120.4,88.1,88.3,53.8,organic_manure
87,5,114.8,87.0,101.2,54.3,organic_manure
87,15,124.8,104.0,106.8,53.1,organic_manure
87,30,149.3,105.9,120.2,53.5,organic_manure
87,60,152.2,104.6,157.2,52.0,organic_manure
87,120,173.1,128.4,179.8,50.9,organic_manure
88,0,118.7,83.7,93.7,47.7,organic_manure
88,5,137.5,83.9,105.4,47.6,organic_manure
88,15,132.8,94.4,112.6,46.9,organic_manure
88,30,141.4,96.1,115.8,49.1,organic_manure
88,60,159.9,112.7,141.8,48.5,organic_manure
88,120,184.5,123.7,144.8,47.0,organic_manure
89,0,125.0,67.2,104.2,50.7,organic_manure
89,5,132.8,85.7,111.7,49.4,organic_manure
89,15,144.3,88.2,122.1,51.7,organic_manure
89,30,145.4,114.6,125.1,51.3,organic_manure
89,60,185.8,122.3,158.4,50.9,organic_manure
89,120,185.5,144.1,175.5,49.8,organic_manure
90,0,144.8,81.4,100.1,50.2,organic_manure
90,5,135.8,79.4,106.1,50.3,organic_manure
90,15,147.7,91.2,118.9,49.0,organic_manure
90,30,184.6,94.3,148.7,49.4,organic_manure
90,60,186.1,93.4,172.4,50.4,organic_manure
90,120,233.5,100.8,192.6,48.4,organic_manure
91,0,125.7,73.0,87.4,61.1,organic_manure
91,5,131.0,80.6,101.9,58.3,organic_manure
91,15,146.6,78.4,103.1,59.9,organic_manure
91,30,155.6,94.7,125.5,60.6,organic_manure
91,60,190.1,111.1,141.3,57.0,organic_manure
91,120,222.4,121.1,155.4,57.0,organic_manure
92,0,121.8,76.2,117.1,51.2,organic_manure
92,5,136.3,77.7,113.3,48.7,organic_manure
92,15,144.1,87.2,114.3,49.5,organic_manure
92,30,170.7,115.6,139.6,49.6,organic_manure
92,60,180.4,127.5,132.1,49.2,organic_manure
92,120,212.7,146.8,154.0,47.6,organic_manure
93,0,121.9,91.5,95.7,48.8,organic_manure
93,5,123.9,96.5,95.0,48.6,organic_manure
93,15,139.2,96.4,111.2,48.8,organic_manure
93,30,131.1,105.5,110.6,50.3,organic_manure
93,60,159.8,128.0,128.1,48.7,organic_manure
93,120,162.1,126.8,152.4,49.6,organic_manure
94,0,110.7,81.1,97.2,51.4,organic_manure
94,5,117.1,84.4,108.0,50.8,organic_manure
94,15,119.7,90.0,109.5,51.4,organic_manure
94,30,134.6,93.1,119.9,49.9,organic_manure
94,60,145.2,97.2,129.0,50.4,organic_manure
94,120,173.2,101.8,151.4,49.1,organic_manure
95,0,132.7,93.0,98.9,53.1,organic_manure
95,5,151.4,94.6,106.5,55.7,organic_manure
95,15,165.5,101.0,121.1,53.0,organic_manure
95,30,183.8,100.6,143.8,55.6,organic_manure
95,60,211.1,109.7,151.0,55.3,organic_manure
95,120,220.6,136.0,173.5,54.0,organic_manure
96,0,109.3,81.9,103.3,52.3,organic_manure
96,5,115.9,81.2,104.2,50.8,organic_manure
96,15,127.2,95.0,126.5,53.1,organic_manure
96,30,139.3,95.9,129.2,51.7,organic_manure
96,60,152.3,117.1,153.8,51.1,organic_manure
96,120,178.9,126.4,175.0,49.4,organic_manure
97,0,143.2,70.1,99.2,56.3,organic_manure
97,5,136.8,81.4,102.4,55.5,organic_manure
97,15,163.2,85.9,115.9,56.6,organic_manure
97,30,177.3,98.9,116.2,57.1,organic_manure
97,60,178.1,112.2,137.6,57.0,organic_manure
97,120,212.5,138.4,149.4,55.6,organic_manure
98,0,118.0,93.2,107.3,48.2,organic_manure
98,5,124.6,93.0,111.7,49.2,organic_manure
98,15,125.5,95.1,116.0,46.8,organic_manure
98,30,133.5,98.3,126.1,49.1,organic_manure
98,60,154.5,100.0,139.2,48.8,organic_manure
98,120,177.1,112.0,157.3,46.6,organic_manure
99,0,123.4,87.3,110.8,49.7,organic_manure
99,5,146.5,89.0,115.2,49.7,organic_manure
99,15,138.5,97.5,122.2,52.5,organic_manure
99,30,156.0,99.2,139.0,50.4,organic_manure
99,60,157.8,110.4,168.9,51.5,organic_manure
99,120,173.7,114.2,187.8,50.3,organic_manure
100,0,129.1,79.5,87.4,49.4,organic_manure
100,5,144.2,76.6,94.1,49.5,organic_manure
100,15,161.6,90.3,120.5,48.9,organic_manure
100,30,175.3,96.9,137.4,48.9,organic_manure
100,60,211.1,100.6,153.7,47.7,organic_manure
100,120,200.4,117.4,177.3,46.4,organic_manure
101,0,138.7,95.2,100.7,52.8,organic_manure
101,5,131.0,87.9,118.0,54.9,organic_manure
101,15,145.1,97.0,120.3,52.6,organic_manure
101,30,165.1,101.6,132.5,54.7,organic_manure
101,60,185.2,98.4,149.0,54.5,organic_manure
101,120,208.4,112.6,171.9,54.1,organic_manure
102,0,126.2,73.5,94.7,48.9,organic_manure
102,5,147.1,83.0,100.1,49.2,organic_manure
102,15,151.6,94.5,117.9,47.5,organic_manure
102,30,156.9,99.3,125.4,49.0,organic_manure
102,60,155.9,130.7,149.3,48.7,organic_manure
102,120,163.0,143.5,170.4,46.9,organic_manure
103,0,108.3,79.1,90.2,51.1,organic_manure
103,5,128.4,78.6,88.1,51.4,organic_manure
103,15,145.1,82.3,108.1,51.1,organic_manure
103,30,159.5,98.0,115.4,51.0,organic_manure
103,60,206.2,112.9,124.8,52.4,organic_manure
103,120,215.3,108.0,151.1,51.7,organic_manure
104,0,114.6,79.3,110.2,49.3,organic_manure
104,5,118.9,81.0,118.7,50.5,organic_manure
104,15,132.6,83.3,124.6,49.6,organic_manure
104,30,140.7,94.7,134.0,48.6,organic_manure
104,60,168.7,101.4,149.1,49.8,organic_manure
104,120,189.5,101.0,177.5,47.5,organic_manure
105,0,107.3,71.0,86.5,51.0,organic_manure
105,5,115.1,67.4,97.2,49.4,organic_manure
105,15,141.6,74.3,100.2,50.7,organic_manure
105,30,159.2,85.3,126.8,49.0,organic_manure
105,60,163.3,87.9,150.3,48.5,organic_manure
105,120,194.8,91.2,182.3,48.3,organic_manure
106,0,102.1,78.1,101.7,52.8,organic_manure
106,5,120.3,73.1,111.0,51.5,organic_manure
106,15,133.8,86.0,112.6,52.5,organic_manure
106,30,140.6,84.4,138.2,50.7,organic_manure
106,60,167.7,97.3,146.5,51.5,organic_manure
106,120,201.1,91.9,154.8,49.0,organic_manure
107,0,122.9,80.7,109.5,51.2,organic_manure
107,5,143.5,83.3,118.4,49.0,organic_manure
107,15,145.0,84.2,114.6,49.4,organic_manure
107,30,169.5,96.2,135.0,50.0,organic_manure
107,60,190.6,105.0,148.1,49.0,organic_manure
107,120,214.9,105.0,149.2,49.2,organic_manure
108,0,122.3,83.3,108.8,61.1,organic_manure
108,5,131.1,83.7,107.9,58.9,organic_manure
108,15,141.4,86.2,111.9,60.2,organic_manure
108,30,139.3,92.6,127.9,60.6,organic_manure
108,60,155.2,108.5,145.2,57.8,organic_manure
108,120,174.0,112.2,156.4,58.1,organic_manure
109,0,129.6,88.8,94.1,52.7,organic_manure
109,5,125.7,83.1,100.8,54.4,organic_manure
109,15,140.8,87.2,109.9,52.7,organic_manure
109,30,160.2,83.1,111.5,54.8,organic_manure
109,60,184.9,86.7,127.0,54.0,organic_manure
109,120,178.5,87.7,131.9,53.3,organic_manure
110,0,117.6,84.7,97.3,54.9,organic_manure
110,5,129.4,92.6,110.5,53.3,organic_manure
110,15,142.2,99.8,111.6,53.3,organic_manure
110,30,158.5,88.1,142.9,54.2,organic_manure
110,60,182.8,97.8,164.2,51.7,organic_manure
110,120,209.2,103.9,162.1,51.7,organic_manure
111,0,128.4,98.4,111.9,55.9,organic_manure
111,5,124.0,98.4,121.7,56.4,organic_manure
111,15,141.5,108.2,128.9,58.5,organic_manure
111,30,154.5,105.8,137.1,56.1,organic_manure
111,60,167.7,127.3,160.0,56.9,organic_manure
111,120,208.6,137.8,169.0,55.1,organic_manure
112,0,120.8,88.7,104.2,57.1,organic_manure
112,5,120.3,82.0,108.8,55.9,organic_manure
112,15,144.6,86.9,113.5,55.9,organic_manure
112,30,157.7,100.8,127.0,57.5,organic_manure
112,60,151.2,111.0,140.1,57.5,organic_manure
112,120,182.7,119.3,172.4,55.7,organic_manure
113,0,125.5,81.4,114.0,51.1,organic_manure
113,5,118.5,91.1,125.9,53.8,organic_manure
113,15,142.3,105.3,137.8,52.9,organic_manure
113,30,155.1,110.7,151.1,53.2,organic_manure
113,60,179.3,120.1,159.7,52.5,organic_manure
113,120,173.3,129.4,185.8,50.8,organic_manure
114,0,118.6,72.0,90.0,58.0,organic_manure
114,5,132.7,79.6,100.4,56.7,organic_manure
114,15,135.9,87.7,103.9,55.4,organic_manure
114,30,142.6,85.6,115.3,55.9,organic_manure
114,60,167.7,97.1,121.9,54.8,organic_manure
114,120,180.4,114.7,135.0,55.9,organic_manure
115,0,139.9,69.5,113.8,53.9,organic_manure
115,5,139.7,81.2,122.3,52.9,organic_manure
115,15,155.8,86.8,136.6,54.2,organic_manure
115,30,164.5,111.3,143.5,51.5,organic_manure
115,60,196.7,121.2,166.9,54.0,organic_manure
115,120,189.3,156.9,186.8,50.4,organic_manure
116,0,144.2,81.6,92.9,55.9,organic_manure
116,5,143.2,78.4,98.6,53.8,organic_manure
116,15,134.9,84.9,119.6,54.5,organic_manure
116,30,154.2,97.2,127.0,53.7,organic_manure
116,60,166.7,114.2,144.4,54.3,organic_manure
116,120,174.5,131.2,182.7,53.8,organic_manure
117,0,141.6,69.8,107.4,52.1,organic_manure
117,5,139.8,75.0,105.2,51.2,organic_manure
117,15,155.8,82.7,124.8,50.3,organic_manure
117,30,163.9,97.7,127.7,52.0,organic_manure
117,60,171.9,113.6,131.7,51.1,organic_manure
117,120,182.2,112.8,142.8,50.3,organic_manure
118,0,127.8,72.8,104.5,54.7,organic_manure
118,5,135.3,82.9,112.1,56.9,organic_manure
118,15,166.6,90.9,117.9,55.7,organic_manure
118,30,166.4,84.2,125.3,56.1,organic_manure
118,60,194.6,96.5,146.1,55.5,organic_manure
118,120,203.9,110.0,188.1,53.7,organic_manure
119,0,115.6,78.3,93.5,52.5,organic_manure
119,5,129.9,90.0,96.7,52.5,organic_manure
119,15,149.9,91.4,108.9,51.0,organic_manure
119,30,155.1,95.0,124.2,52.5,organic_manure
119,60,181.6,105.6,138.2,50.4,organic_manure
119,120,201.8,115.7,142.7,48.9,organic_manure
120,0,129.7,81.8,117.4,54.2,organic_manure
120,5,121.2,86.9,122.2,53.9,organic_manure
120,15,137.9,85.5,125.0,54.4,organic_manure
120,30,157.2,92.8,145.4,54.6,organic_manure
120,60,164.2,91.6,153.3,52.9,organic_manure
120,120,207.3,97.2,183.2,53.9,organic_manure
121,0,116.7,76.4,88.5,45.1,control
121,5,133.7,76.3,95.0,47.0,control
121,15,116.4,84.1,92.8,48.8,control
121,30,126.0,82.2,100.6,45.5,control
121,60,126.6,74.1,97.9,46.2,control
121,120,128.9,82.5,96.0,46.2,control
122,0,138.7,82.2,101.7,53.0,control
122,5,131.0,78.1,93.2,54.2,control
122,15,132.7,78.4,97.8,54.8,control
122,30,130.6,79.0,105.1,54.8,control
122,60,138.8,82.3,95.5,50.0,control
122,120,146.9,76.4,93.0,53.4,control
123,0,107.0,82.3,84.8,52.1,control
123,5,117.0,86.5,82.5,50.3,control
123,15,118.2,82.7,83.4,48.2,control
123,30,124.3,90.7,84.7,51.1,control
123,60,117.2,89.8,94.1,46.0,control
123,120,118.5,82.6,92.8,47.2,control
124,0,116.7,80.5,101.3,45.8,control
124,5,122.9,79.8,89.6,45.6,control
124,15,126.8,78.3,100.2,45.8,control
124,30,117.0,84.4,90.2,46.5,control
124,60,131.2,90.0,100.2,46.8,control
124,120,125.3,83.0,89.1,45.8,control
125,0,119.0,94.0,119.7,47.2,control
125,5,109.8,85.2,114.4,43.8,control
125,15,124.1,87.4,121.8,45.0,control
125,30,111.6,93.6,120.3,46.2,control
125,60,110.3,83.5,117.9,47.0,control
125,120,114.2,88.7,108.8,46.6,control
126,0,113.9,94.6,106.6,44.9,control
126,5,123.5,91.7,100.3,45.9,control
126,15,113.5,89.1,99.9,47.0,control
126,30,122.7,97.2,105.1,47.2,control
126,60,117.3,95.0,97.0,43.3,control
126,120,116.6,89.8,103.5,46.7,control
127,0,123.9,68.4,129.0,39.7,control
127,5,123.4,69.3,112.7,37.1,control
127,15,130.2,78.1,123.0,40.2,control
127,30,137.2,73.7,129.5,42.1,control
127,60,135.8,71.9,115.2,41.0,control
127,120,139.5,70.2,112.1,40.6,control
128,0,121.2,68.5,88.6,43.8,control
128,5,132.2,72.7,92.2,41.1,control
128,15,126.9,77.3,87.3,37.9,control
128,30,122.2,78.5,100.1,39.5,control
128,60,136.1,71.9,95.5,38.5,control
128,120,135.6,75.6,90.4,39.8,control
129,0,118.9,75.1,103.9,56.9,control
129,5,114.8,72.2,105.3,54.7,control
129,15,118.3,72.9,105.3,53.8,control
129,30,112.8,71.1,90.7,50.8,control
129,60,105.7,71.6,105.9,55.6,control
129,120,108.8,68.2,105.5,54.1,control
130,0,113.4,96.0,89.9,44.3,control
130,5,109.9,89.2,102.5,39.9,control
130,15,118.2,94.0,102.8,41.4,control
130,30,105.1,94.8,102.3,39.4,control
130,60,105.2,87.8,98.4,39.0,control
130,120,103.7,97.7,99.5,42.3,control
131,0,129.3,91.1,106.3,43.8,control
131,5,137.9,94.7,106.3,43.8,control
131,15,138.3,86.3,101.7,41.1,control
131,30,120.5,93.7,106.1,40.9,control
131,60,129.9,88.0,109.7,38.4,control
131,120,139.9,92.5,106.0,41.7,control
132,0,112.4,71.1,108.6,43.0,control
132,5,109.9,75.2,105.5,44.9,control
132,15,105.3,76.3,105.6,47.4,control
132,30,106.6,70.2,101.5,45.4,control
132,60,105.7,69.3,103.9,42.9,control
132,120,109.5,72.7,102.0,48.0,control
133,0,123.9,95.6,94.3,49.2,control
133,5,120.0,87.7,95.0,48.0,control
133,15,113.0,93.4,87.4,49.9,control
133,30,114.4,92.5,93.3,46.2,control
133,60,112.4,91.6,100.7,45.6,control
133,120,106.3,85.3,99.8,50.8,control
134,0,121.6,82.2,113.1,42.5,control
134,5,120.8,89.4,108.0,41.2,control
134,15,118.9,79.4,104.3,44.7,control
134,30,113.4,86.0,111.4,45.0,control
134,60,108.5,79.7,105.4,41.3,control
134,120,112.8,81.2,113.0,40.9,control
135,0,133.5,90.9,95.3,45.1,control
135,5,128.8,94.6,107.4,50.4,control
135,15,115.9,87.3,94.0,45.4,control
135,30,131.9,92.9,92.8,48.0,control
135,60,129.7,86.1,96.7,46.0,control
135,120,127.7,98.1,97.6,46.6,control
136,0,110.1,87.8,97.8,51.1,control
136,5,118.7,92.1,93.1,50.7,control
136,15,118.1,92.0,95.4,49.8,control
136,30,121.0,87.4,94.5,53.1,control
136,60,119.7,87.6,89.8,51.2,control
136,120,120.2,90.0,91.9,51.2,control
137,0,124.9,74.6,87.6,48.1,control
137,5,126.3,82.0,87.7,48.1,control
137,15,117.0,74.0,84.3,48.1,control
137,30,116.0,75.5,88.9,51.3,control
137,60,112.1,79.5,86.6,51.1,control
137,120,114.2,75.8,84.6,54.2,control
138,0,144.5,95.1,109.7,46.8,control
138,5,132.1,87.6,113.7,45.1,control
138,15,134.1,92.4,105.8,40.8,control
138,30,129.2,91.2,105.8,41.4,control
138,60,134.2,93.9,115.5,42.3,control
138,120,131.7,90.8,108.8,42.8,control
139,0,131.9,101.2,111.3,48.2,control
139,5,141.6,89.4,103.3,49.3,control
139,15,143.0,100.9,109.3,48.7,control
139,30,141.5,92.2,108.3,51.3,control
139,60,140.9,88.9,103.3,54.0,control
139,120,136.4,103.7,103.6,53.2,control
140,0,128.4,77.3,105.1,41.5,control
140,5,114.2,81.8,115.8,38.8,control
140,15,112.6,78.7,106.4,38.5,control
140,30,115.8,72.4,114.5,37.4,control
140,60,111.4,80.7,109.1,41.2,control
140,120,117.9,72.2,103.7,37.8,control
141,0,120.7,96.2,125.8,51.7,control
141,5,122.0,90.1,131.3,51.6,control
141,15,135.2,98.7,120.7,46.9,control
141,30,133.8,92.0,114.9,52.5,control
141,60,129.7,93.3,118.1,50.8,control
141,120,123.7,89.6,119.3,51.0,control
142,0,110.6,86.2,115.2,46.5,control
142,5,116.3,84.0,121.7,47.4,control
142,15,112.9,84.3,125.9,50.4,control
142,30,113.9,94.6,122.2,48.6,control
142,60,116.8,91.8,119.2,48.6,control
142,120,121.3,89.0,122.1,45.1,control
143,0,134.3,66.5,116.1,39.3,control
143,5,128.2,73.6,119.4,42.1,control
143,15,130.9,67.2,114.0,42.6,control
143,30,118.1,74.7,111.1,41.8,control
143,60,134.8,65.3,122.2,38.9,control
143,120,128.3,75.0,115.2,40.9,control
144,0,123.6,88.2,103.9,43.6,control
144,5,124.1,94.4,97.5,38.6,control
144,15,133.3,87.4,99.0,38.5,control
144,30,138.1,89.9,91.0,41.5,control
144,60,129.8,90.6,99.8,43.0,control
144,120,126.0,86.7,95.8,39.4,control
145,0,111.7,103.5,100.2,44.4,control
145,5,119.9,94.9,106.8,46.1,control
145,15,116.3,91.6,107.5,48.3,control
145,30,110.6,103.1,102.3,44.5,control
145,60,119.4,103.5,104.8,45.3,control
145,120,124.5,93.2,100.1,43.1,control
146,0,132.5,69.2,117.0,53.8,control
146,5,129.8,63.5,113.3,47.4,control
146,15,134.5,69.5,111.0,52.8,control
146,30,128.5,67.6,123.8,52.2,control
146,60,142.5,71.9,110.0,52.9,control
146,120,142.0,69.7,123.9,50.9,control
147,0,111.1,92.3,105.0,43.3,control
147,5,118.0,93.7,114.0,39.4,control
147,15,122.6,89.9,99.2,43.0,control
147,30,117.5,85.8,99.8,41.4,control
147,60,113.1,88.6,102.9,38.1,control
147,120,124.4,87.2,107.0,41.6,control
148,0,118.7,69.3,99.0,42.6,control
148,5,124.1,69.3,97.9,47.9,control
148,15,118.7,69.9,98.8,45.8,control
148,30,129.3,70.7,99.7,47.6,control
148,60,121.2,69.2,102.3,44.5,control
148,120,135.1,69.6,100.8,45.2,control
149,0,117.4,83.0,110.2,43.5,control
149,5,120.0,72.6,100.3,42.4,control
149,15,115.4,75.5,112.7,42.6,control
149,30,113.7,71.5,116.1,43.1,control
149,60,128.5,81.0,99.9,41.5,control
149,120,114.0,76.6,100.2,38.3,control
150,0,126.9,76.4,99.7,45.3,control
150,5,117.4,74.7,108.6,40.7,control
150,15,120.6,71.2,110.7,44.7,control
150,30,118.2,75.6,97.5,43.1,control
150,60,122.7,78.0,108.7,46.3,control
150,120,117.8,78.3,108.6,41.8,control
151,0,129.4,95.8,86.8,44.7,control
151,5,121.4,101.9,84.4,42.9,control
151,15,122.8,92.8,89.9,42.3,control
151,30,119.3,93.2,93.3,42.8,control
151,60,131.7,95.5,96.1,45.5,control
151,120,130.0,101.6,96.3,41.2,control
152,0,131.0,70.8,91.4,57.4,control
152,5,130.1,77.4,89.1,51.2,control
152,15,120.7,81.6,99.3,52.0,control
152,30,128.7,72.3,87.8,53.8,control
152,60,134.1,80.4,90.4,55.1,control
152,120,128.6,71.6,100.8,57.3,control
153,0,115.7,100.9,111.9,43.5,control
153,5,121.6,97.6,124.3,47.5,control
153,15,113.1,92.8,118.1,47.8,control
153,30,122.0,100.7,115.0,46.7,control
153,60,107.6,89.5,124.4,45.5,control
153,120,110.7,95.4,114.4,42.7,control
154,0,132.0,79.4,115.2,46.2,control
154,5,139.5,78.0,104.9,44.8,control
154,15,122.2,81.4,102.8,45.4,control
154,30,130.3,81.1,120.2,49.0,control
154,60,123.0,83.5,120.2,49.8,control
154,120,132.2,76.1,111.0,45.1,control
155,0,119.3,70.4,117.4,46.4,control
155,5,123.5,73.3,118.2,45.8,control
155,15,122.0,72.8,104.8,49.3,control
155,30,123.4,68.1,117.3,46.1,control
155,60,123.5,70.7,105.0,44.1,control
155,120,121.3,67.2,119.3,45.2,control
156,0,116.4,89.7,89.2,49.5,control
156,5,115.9,89.0,96.2,49.2,control
156,15,116.4,84.0,89.2,45.3,control
156,30,125.4,88.1,85.6,47.4,control
156,60,118.8,87.9,95.9,49.9,control
156,120,128.2,80.3,84.6,47.2,control
157,0,121.8,88.6,99.1,50.9,control
157,5,126.8,88.1,102.1,53.2,control
157,15,114.8,87.6,95.9,53.6,control
157,30,120.1,80.2,105.5,51.4,control
157,60,124.3,77.7,95.2,49.3,control
157,120,124.4,79.6,100.7,54.6,control
158,0,129.2,67.9,116.3,40.6,control
158,5,129.4,65.4,118.9,44.4,control
158,15,128.6,71.7,109.5,41.1,control
158,30,130.6,63.2,124.8,44.7,control
158,60,134.5,66.1,126.1,40.3,control
158,120,126.1,64.8,121.6,44.2,control
159,0,131.2,85.7,122.7,39.9,control
159,5,127.9,82.9,112.6,39.7,control
159,15,130.6,85.4,111.0,40.1,control
159,30,136.3,81.7,115.4,42.8,control
159,60,136.5,86.3,107.8,44.1,control
159,120,135.3,91.5,114.8,43.8,control
160,0,135.8,96.0,105.5,48.0,control
160,5,131.6,96.6,98.1,50.2,control
160,15,139.8,90.8,99.5,50.7,control
160,30,150.7,88.1,90.4,50.1,control
160,60,131.5,101.1,102.6,52.9,control
160,120,138.4,93.4,99.0,50.0,control
161,0,107.0,73.7,94.8,47.8,control
161,5,113.7,71.8,101.1,52.8,control
161,15,102.1,69.8,95.0,50.5,control
161,30,113.5,78.6,102.3,53.0,control
161,60,110.2,75.2,103.9,52.1,control
161,120,107.8,77.2,96.5,53.7,control
162,0,137.5,72.8,116.0,46.9,control
162,5,145.2,74.6,121.1,43.2,control
162,15,126.5,82.3,115.0,47.2,control
162,30,138.4,75.1,114.5,47.3,control
162,60,142.4,79.0,109.5,41.3,control
162,120,135.2,76.6,108.2,44.2,control
163,0,146.8,77.3,104.8,41.3,control
163,5,129.8,73.9,98.3,39.6,control
163,15,150.0,76.8,98.7,43.5,control
163,30,132.5,78.5,103.4,44.6,control
163,60,144.6,69.8,102.0,41.3,control
163,120,145.7,74.5,90.8,44.4,control
164,0,122.4,84.9,93.3,45.6,control
164,5,133.6,82.1,96.7,45.6,control
164,15,125.5,81.6,88.4,46.5,control
164,30,124.0,80.0,87.7,43.3,control
164,60,134.8,85.0,86.8,45.8,control
164,120,128.5,80.0,94.2,45.2,control
165,0,116.8,65.9,108.3,46.3,control
165,5,110.4,65.0,107.6,42.8,control
165,15,119.7,71.1,114.7,46.5,control
165,30,120.1,67.9,114.5,46.6,control
165,60,121.2,70.5,117.3,46.8,control
165,120,117.5,66.1,114.6,47.9,control
166,0,124.3,77.3,106.4,53.6,control
166,5,127.3,86.1,109.4,52.3,control
166,15,128.3,84.5,118.1,50.2,control
166,30,115.7,80.5,108.7,50.3,control
166,60,118.6,84.3,113.3,47.5,control
166,120,117.4,85.1,116.9,49.0,control
167,0,129.0,91.9,106.9,49.5,control
167,5,128.4,87.9,111.5,46.7,control
167,15,136.8,89.3,111.0,46.3,control
167,30,125.4,92.6,99.0,49.1,control
167,60,132.5,90.1,107.8,45.6,control
167,120,132.3,95.1,100.9,49.2,control
168,0,110.1,71.0,118.6,48.2,control
168,5,117.9,75.5,123.2,52.7,control
168,15,103.3,67.1,109.2,51.8,control
168,30,110.3,72.0,110.1,53.0,control
168,60,109.1,72.0,123.5,49.9,control
168,120,120.5,70.5,125.0,50.1,control
169,0,106.1,66.0,119.0,46.4,control
169,5,104.8,70.5,127.8,45.0,control
169,15,119.4,72.2,116.4,47.5,control
169,30,111.0,66.3,119.3,45.1,control
169,60,113.8,70.1,121.2,43.7,control
169,120,111.1,73.1,128.5,43.3,control
170,0,130.9,89.8,92.4,40.7,control
170,5,153.1,81.0,94.7,40.5,control
170,15,141.0,90.8,94.1,40.6,control
170,30,134.7,87.0,93.4,40.7,control
170,60,138.8,82.5,94.3,41.5,control
170,120,150.2,83.4,92.9,40.3,control
171,0,131.7,73.4,120.9,50.0,control
171,5,120.2,81.2,130.7,52.3,control
171,15,133.2,77.9,113.1,51.5,control
171,30,119.2,78.0,126.0,52.0,control
171,60,119.1,80.1,127.2,47.0,control
171,120,118.7,76.5,127.0,48.1,control
172,0,135.7,85.0,109.1,42.9,control
172,5,135.0,84.4,117.1,46.8,control
172,15,117.6,80.8,107.0,43.0,control
172,30,136.4,85.2,115.3,44.7,control
172,60,118.1,81.3,119.5,44.6,control
172,120,119.3,78.5,119.8,42.5,control
173,0,112.6,76.5,104.0,43.6,control
173,5,113.3,76.4,114.4,41.2,control
173,15,106.1,68.8,115.7,39.9,control
173,30,113.6,78.7,112.9,40.5,control
173,60,112.7,74.6,103.3,43.8,control
173,120,111.1,74.8,112.9,39.5,control
174,0,120.0,79.6,96.4,52.9,control
174,5,114.9,74.7,104.1,47.2,control
174,15,123.3,78.5,101.1,54.9,control
174,30,118.8,73.4,104.9,52.3,control
174,60,124.0,78.4,105.0,54.0,control
174,120,112.7,76.4,92.2,52.2,control
175,0,124.3,85.3,110.5,52.6,control
175,5,116.3,90.3,116.6,53.7,control
175,15,113.0,83.9,106.3,50.5,control
175,30,117.1,86.6,108.0,47.1,control
175,60,114.7,96.1,116.5,53.6,control
175,120,131.7,91.9,117.6,47.7,control
176,0,138.9,77.0,117.3,55.2,control
176,5,132.0,71.3,118.0,54.7,control
176,15,146.8,69.1,109.1,56.9,control
176,30,143.4,69.7,104.4,49.8,control
176,60,143.7,70.4,107.5,49.6,control
176,120,147.9,69.1,109.6,53.2,control
177,0,131.8,88.7,89.8,48.5,control
177,5,149.0,88.0,88.1,44.1,control
177,15,141.4,81.7,93.3,50.4,control
177,30,132.0,87.1,100.7,48.6,control
177,60,134.7,87.9,100.3,47.9,control
177,120,140.5,91.4,94.2,46.7,control
178,0,126.1,96.4,120.5,48.0,control
178,5,138.5,96.1,112.1,49.5,control
178,15,134.9,91.8,123.2,44.9,control
178,30,137.9,96.6,107.1,47.7,control
178,60,143.1,92.1,108.9,44.5,control
178,120,134.9,85.7,118.7,50.9,control
179,0,135.1,73.6,86.4,51.2,control
179,5,132.1,77.9,84.5,49.8,control
179,15,126.2,78.5,95.8,49.1,control
179,30,140.6,72.3,84.5,51.7,control
179,60,120.8,73.4,95.5,50.7,control
179,120,129.7,80.5,96.6,46.5,control
180,0,131.7,93.5,95.2,39.1,control
180,5,132.7,88.4,84.6,39.1,control
180,15,124.6,98.3,88.7,39.9,control
180,30,130.5,98.7,83.7,42.1,control
180,60,134.9,89.8,93.7,41.5,control
180,120,135.4,101.4,92.1,40.8,control
181,0,67.1,34.4,32.6,30.6,depleted
181,5,60.2,31.1,31.7,32.4,depleted
181,15,64.7,32.7,34.3,29.1,depleted
181,30,60.0,34.8,32.7,32.8,depleted
181,60,59.2,32.9,29.6,29.7,depleted
181,120,60.0,33.8,34.2,30.9,depleted
182,0,59.2,38.2,48.1,22.8,depleted
182,5,58.9,35.3,46.3,21.3,depleted
182,15,62.1,38.9,51.0,20.8,depleted
182,30,53.3,36.5,45.8,21.4,depleted
182,60,54.2,37.3,50.9,21.4,depleted
182,120,55.4,39.8,50.1,20.5,depleted
183,0,35.0,36.7,49.9,31.0,depleted
183,5,36.0,37.4,48.1,32.6,depleted
183,15,36.9,40.3,45.0,34.8,depleted
183,30,37.6,36.7,50.8,33.4,depleted
183,60,33.0,41.2,50.3,34.0,depleted
183,120,34.3,36.9,50.0,32.5,depleted
184,0,60.2,26.0,29.6,29.7,depleted
184,5,56.7,28.1,29.2,31.8,depleted
184,15,56.4,26.0,29.1,30.8,depleted
184,30,58.1,28.5,29.5,28.0,depleted
184,60,58.6,24.6,29.2,31.4,depleted
184,120,56.6,25.1,30.2,31.6,depleted
185,0,47.7,41.4,49.8,25.9,depleted
185,5,53.2,38.5,50.9,28.2,depleted
185,15,53.1,37.2,48.9,28.8,depleted
185,30,48.3,37.5,47.8,29.5,depleted
185,60,51.1,36.4,47.7,25.6,depleted
185,120,54.3,35.8,47.0,28.9,depleted
186,0,30.7,31.6,40.6,31.1,depleted
186,5,27.0,33.0,45.4,29.0,depleted
186,15,28.3,32.6,39.6,30.7,depleted
186,30,28.3,32.9,44.8,32.0,depleted
186,60,27.0,31.6,44.3,32.6,depleted
186,120,28.9,33.4,41.6,30.5,depleted
187,0,50.1,37.4,29.8,31.1,depleted
187,5,55.1,40.6,31.5,33.8,depleted
187,15,48.0,42.8,31.3,30.0,depleted
187,30,55.1,41.5,32.0,30.3,depleted
187,60,50.4,41.2,29.5,30.6,depleted
187,120,52.0,37.6,31.2,30.7,depleted
188,0,68.8,24.5,33.7,24.5,depleted
188,5,66.8,23.1,30.7,24.7,depleted
188,15,66.2,23.3,29.2,25.0,depleted
188,30,64.2,24.3,29.5,26.5,depleted
188,60,66.2,24.4,30.4,26.1,depleted
188,120,67.5,26.0,33.0,27.4,depleted
189,0,32.4,39.8,44.8,18.1,depleted
189,5,29.3,42.5,41.7,20.4,depleted
189,15,30.5,42.0,40.4,20.7,depleted
189,30,30.6,38.8,40.7,19.1,depleted
189,60,31.2,39.9,38.9,20.4,depleted
189,120,29.2,44.2,42.8,19.0,depleted
190,0,42.0,36.7,37.5,26.6,depleted
190,5,38.3,36.4,35.8,26.4,depleted
190,15,40.6,37.4,39.4,25.5,depleted
190,30,39.7,34.6,35.8,29.3,depleted
190,60,42.1,33.6,40.7,29.0,depleted
190,120,42.0,35.8,35.8,26.3,depleted
191,0,28.0,26.5,29.4,21.5,depleted
191,5,28.8,25.7,32.0,21.0,depleted
191,15,28.6,28.0,31.3,22.2,depleted
191,30,27.9,26.1,30.9,20.4,depleted
191,60,30.7,28.3,31.0,22.9,depleted
191,120,29.5,25.4,34.1,23.8,depleted
192,0,48.8,22.5,46.6,34.6,depleted
192,5,46.4,22.0,43.6,32.0,depleted
192,15,51.9,21.6,42.0,30.2,depleted
192,30,50.4,22.1,43.0,34.8,depleted
192,60,47.5,20.2,45.3,32.2,depleted
192,120,50.7,20.4,45.1,30.9,depleted
193,0,38.9,31.8,59.5,31.9,depleted
193,5,39.0,32.6,55.0,35.0,depleted
193,15,42.1,31.5,58.4,32.2,depleted
193,30,42.9,35.4,54.4,34.1,depleted
193,60,42.8,33.4,59.9,30.6,depleted
193,120,40.4,31.6,53.8,32.3,depleted
194,0,62.6,40.8,29.5,35.6,depleted
194,5,59.3,44.0,31.0,34.7,depleted
194,15,56.6,41.5,29.4,33.6,depleted
194,30,55.7,46.0,31.6,32.3,depleted
194,60,60.7,43.4,27.7,30.7,depleted
194,120,57.9,46.9,31.7,33.1,depleted
195,0,53.8,39.5,38.0,24.9,depleted
195,5,56.3,38.4,42.1,26.2,depleted
195,15,52.8,43.6,41.4,25.8,depleted
195,30,53.8,38.7,40.6,26.2,depleted
195,60,55.1,39.0,37.7,25.1,depleted
195,120,55.5,38.9,38.4,24.9,depleted
196,0,43.7,44.6,38.8,23.6,depleted
196,5,41.3,39.0,40.2,22.8,depleted
196,15,46.1,43.9,39.8,21.9,depleted
196,30,44.8,43.0,36.2,22.9,depleted
196,60,45.8,38.5,38.8,22.2,depleted
196,120,43.5,40.7,41.3,21.2,depleted
197,0,34.3,25.0,33.8,32.5,depleted
197,5,34.0,24.7,31.6,32.1,depleted
197,15,31.4,25.0,35.9,32.2,depleted
197,30,32.7,23.2,35.4,34.4,depleted
197,60,34.3,24.8,32.8,33.4,depleted
197,120,31.2,25.0,32.2,34.1,depleted
198,0,31.0,24.6,33.2,18.7,depleted
198,5,34.7,24.9,29.4,18.8,depleted
198,15,34.8,23.9,29.5,18.9,depleted
198,30,32.0,22.2,32.6,20.9,depleted
198,60,34.8,25.5,30.3,21.4,depleted
198,120,31.7,23.4,29.7,21.2,depleted
199,0,62.9,44.2,36.8,20.8,depleted
199,5,58.8,43.2,35.4,19.6,depleted
199,15,59.8,41.2,40.9,20.7,depleted
199,30,67.6,39.9,36.7,20.6,depleted
199,60,65.0,41.8,39.0,20.3,depleted
199,120,67.6,40.6,37.6,20.1,depleted
200,0,33.8,22.4,29.6,35.2,depleted
200,5,37.1,24.1,29.1,32.8,depleted
200,15,33.7,23.1,31.9,32.7,depleted
200,30,38.7,23.7,31.7,32.6,depleted
200,60,38.0,22.7,29.3,35.6,depleted
200,120,35.9,24.7,29.8,36.4,depleted
201,0,43.1,19.6,40.5,29.0,depleted
201,5,43.3,22.1,44.3,26.5,depleted
201,15,49.7,20.2,41.8,30.8,depleted
201,30,43.4,21.9,42.6,27.5,depleted
201,60,47.8,21.0,39.7,29.8,depleted
201,120,47.3,20.4,41.1,28.9,depleted
202,0,40.3,29.4,36.4,30.9,depleted
202,5,40.5,28.6,33.8,28.2,depleted
202,15,44.2,32.9,35.7,31.1,depleted
202,30,40.6,31.2,34.0,28.2,depleted
202,60,44.7,31.9,38.1,28.8,depleted
202,120,44.2,30.6,35.0,29.5,depleted
203,0,59.1,34.4,55.5,18.0,depleted
203,5,58.6,32.0,52.4,18.7,depleted
203,15,63.3,31.2,58.5,18.5,depleted
203,30,56.3,33.3,56.5,17.3,depleted
203,60,61.5,33.1,58.3,18.7,depleted
203,120,59.7,34.1,56.8,18.1,depleted
204,0,49.8,42.0,43.0,21.9,depleted
204,5,48.8,42.2,48.3,21.9,depleted
204,15,49.2,42.2,43.5,23.1,depleted
204,30,45.3,42.2,47.7,22.7,depleted
204,60,47.4,43.9,49.6,22.0,depleted
204,120,44.9,42.2,43.0,22.9,depleted
205,0,43.4,41.7,45.7,34.9,depleted
205,5,44.2,39.7,45.6,34.0,depleted
205,15,42.2,41.6,43.9,32.4,depleted
205,30,47.0,39.4,45.9,31.7,depleted
205,60,44.6,40.5,47.6,33.9,depleted
205,120,47.6,40.8,43.6,30.0,depleted
206,0,60.6,30.0,32.5,29.1,depleted
206,5,60.4,29.8,34.6,28.5,depleted
206,15,67.9,29.1,33.7,31.3,depleted
206,30,64.2,28.6,33.1,29.4,depleted
206,60,66.2,28.3,36.3,28.3,depleted
206,120,60.0,29.4,36.9,30.2,depleted
207,0,38.4,43.2,51.2,26.6,depleted
207,5,35.5,43.5,51.3,25.6,depleted
207,15,35.1,40.6,47.5,26.2,depleted
207,30,34.8,42.6,48.8,26.8,depleted
207,60,33.4,41.0,49.6,26.8,depleted
207,120,36.8,41.4,51.2,25.0,depleted
208,0,32.0,23.2,35.0,32.0,depleted
208,5,29.8,21.7,33.3,30.0,depleted
208,15,33.8,23.6,33.5,33.0,depleted
208,30,34.6,22.9,32.7,33.0,depleted
208,60,30.1,23.4,37.5,33.2,depleted
208,120,31.8,22.5,36.3,29.1,depleted
209,0,65.3,39.4,32.3,20.8,depleted
209,5,67.4,39.4,30.9,21.0,depleted
209,15,60.3,34.6,33.8,19.2,depleted
209,30,63.8,36.2,33.5,18.9,depleted
209,60,62.2,34.8,30.6,21.3,depleted
209,120,62.4,35.5,32.7,19.7,depleted
210,0,43.1,45.8,39.8,26.5,depleted
210,5,40.9,44.1,39.4,22.9,depleted
210,15,45.0,43.4,39.6,25.4,depleted
210,30,44.8,44.0,39.2,23.7,depleted
210,60,42.3,41.4,40.3,24.2,depleted
210,120,44.0,40.2,39.8,26.1,depleted
211,0,40.7,38.9,41.8,32.2,depleted
211,5,40.4,44.3,42.4,34.4,depleted
211,15,45.0,43.4,39.2,31.1,depleted
211,30,44.9,43.8,42.6,33.5,depleted
211,60,41.8,44.0,41.2,35.6,depleted
211,120,44.6,43.9,41.1,33.6,depleted
212,0,40.7,31.1,48.6,30.5,depleted
212,5,41.9,35.2,49.4,29.3,depleted
212,15,41.9,32.7,48.9,28.2,depleted
212,30,41.1,36.2,55.2,31.0,depleted
212,60,43.3,34.7,54.9,28.9,depleted
212,120,41.0,35.0,50.5,30.6,depleted
213,0,55.6,41.1,36.4,26.1,depleted
213,5,56.0,41.6,36.3,25.2,depleted
213,15,59.8,41.3,36.5,23.4,depleted
213,30,60.5,36.8,33.4,24.3,depleted
213,60,56.4,36.3,33.3,26.4,depleted
213,120,55.1,40.2,33.7,26.2,depleted
214,0,42.6,37.6,33.0,28.4,depleted
214,5,44.7,33.4,33.4,29.9,depleted
214,15,48.3,34.3,32.5,29.0,depleted
214,30,44.2,33.5,30.5,28.3,depleted
214,60,45.7,37.9,30.9,30.3,depleted
214,120,44.6,32.8,29.8,28.5,depleted
215,0,55.7,34.5,46.2,27.3,depleted
215,5,52.2,34.3,52.6,31.7,depleted
215,15,57.4,38.5,50.2,30.5,depleted
215,30,49.8,34.5,50.4,28.4,depleted
215,60,52.8,35.2,53.2,29.6,depleted
215,120,54.4,34.6,49.5,31.3,depleted
216,0,57.0,20.1,34.8,24.9,depleted
216,5,64.1,22.6,39.0,28.3,depleted
216,15,58.4,22.7,38.2,27.6,depleted
216,30,58.2,20.8,39.9,25.7,depleted
216,60,65.3,22.4,35.5,28.0,depleted
216,120,62.1,22.5,34.9,24.9,depleted
217,0,36.1,20.4,38.3,27.1,depleted
217,5,35.7,19.6,35.7,29.3,depleted
217,15,38.5,20.0,33.7,27.4,depleted
217,30,38.7,18.0,33.9,29.3,depleted
217,60,35.2,20.1,36.3,29.7,depleted
217,120,39.3,19.0,36.3,28.8,depleted
218,0,28.5,39.1,49.7,31.7,depleted
218,5,31.3,40.7,50.9,30.4,depleted
218,15,28.8,40.0,49.6,32.0,depleted
218,30,33.1,38.6,44.5,34.6,depleted
218,60,31.6,40.8,47.0,33.4,depleted
218,120,32.1,40.8,48.9,30.6,depleted
219,0,27.8,37.2,37.0,18.6,depleted
219,5,28.3,37.3,39.9,17.6,depleted
219,15,31.5,32.9,39.4,18.2,depleted
219,30,31.0,35.6,35.4,18.9,depleted
219,60,29.5,36.5,36.6,19.4,depleted
219,120,28.1,35.7,39.8,18.9,depleted
220,0,45.5,42.7,44.4,27.5,depleted
220,5,45.6,40.5,39.2,26.3,depleted
220,15,45.9,39.2,43.6,25.5,depleted
220,30,46.1,41.9,42.5,26.1,depleted
220,60,45.7,43.7,42.2,25.5,depleted
220,120,43.5,43.8,44.7,27.1,depleted
221,0,36.5,19.0,28.3,19.2,depleted
221,5,39.4,18.5,29.1,17.5,depleted
221,15,39.0,18.1,31.1,17.8,depleted
221,30,37.0,18.9,28.3,19.8,depleted
221,60,37.7,19.5,30.1,19.2,depleted
221,120,39.8,18.6,32.6,19.8,depleted
222,0,37.0,21.4,50.7,25.5,depleted
222,5,32.8,21.6,50.2,28.5,depleted
222,15,37.0,24.5,51.2,27.6,depleted
222,30,35.6,24.6,49.3,28.4,depleted
222,60,36.0,22.5,48.9,26.0,depleted
222,120,32.3,21.4,46.6,29.7,depleted
223,0,59.2,23.9,49.7,27.0,depleted
223,5,57.9,23.3,47.3,26.2,depleted
223,15,56.6,22.1,49.0,30.5,depleted
223,30,59.5,24.8,48.1,27.0,depleted
223,60,60.5,24.7,44.1,26.1,depleted
223,120,61.2,24.3,51.2,29.9,depleted
224,0,55.2,33.4,45.3,23.1,depleted
224,5,56.9,35.2,44.5,23.4,depleted
224,15,55.5,33.1,43.3,21.1,depleted
224,30,58.8,33.1,44.5,22.6,depleted
224,60,59.2,32.7,46.1,20.9,depleted
224,120,53.5,31.9,43.6,21.6,depleted
225,0,38.1,42.7,35.9,26.7,depleted
225,5,37.4,44.7,40.2,28.4,depleted
225,15,37.5,43.6,40.0,29.1,depleted
225,30,36.9,40.2,39.7,28.4,depleted
225,60,34.0,39.7,38.9,25.8,depleted
225,120,35.7,45.0,37.0,26.3,depleted
226,0,28.1,19.4,57.9,21.9,depleted
226,5,27.7,18.3,55.5,22.3,depleted
226,15,28.4,17.8,53.0,23.2,depleted
226,30,27.6,19.6,52.4,22.4,depleted
226,60,30.7,18.5,56.0,24.5,depleted
226,120,31.8,18.3,54.2,25.0,depleted
227,0,34.4,21.8,42.9,28.6,depleted
227,5,32.8,22.0,49.4,28.8,depleted
227,15,31.0,20.6,46.4,31.6,depleted
227,30,30.1,21.3,45.1,28.7,depleted
227,60,33.9,20.6,45.7,31.8,depleted
227,120,30.9,21.8,45.2,30.5,depleted
228,0,32.0,26.1,52.7,23.5,depleted
228,5,29.8,29.0,49.9,23.4,depleted
228,15,31.0,29.3,53.0,23.2,depleted
228,30,28.8,26.1,46.7,24.9,depleted
228,60,33.4,25.9,49.2,25.6,depleted
228,120,29.5,25.8,52.9,24.3,depleted
229,0,53.5,42.5,29.8,27.2,depleted
229,5,50.9,42.7,30.0,27.2,depleted
229,15,53.8,44.2,27.4,27.1,depleted
229,30,52.0,44.3,30.7,27.8,depleted
229,60,49.3,41.8,31.1,28.8,depleted
229,120,53.5,44.1,31.1,27.6,depleted
230,0,36.6,26.8,27.4,25.2,depleted
230,5,34.1,24.2,29.4,23.4,depleted
230,15,36.8,24.4,26.9,24.5,depleted
230,30,35.8,24.8,30.4,24.2,depleted
230,60,38.1,24.3,27.1,22.9,depleted
230,120,36.1,25.3,27.1,23.9,depleted
231,0,35.1,27.0,54.0,25.5,depleted
231,5,34.7,26.3,50.4,25.6,depleted
231,15,31.8,24.9,52.4,26.1,depleted
231,30,33.5,26.6,50.3,24.2,depleted
231,60,31.7,26.1,52.7,24.7,depleted
231,120,30.6,26.7,52.8,23.5,depleted
232,0,29.7,41.3,42.9,25.2,depleted
232,5,29.8,39.6,42.3,24.8,depleted
232,15,30.0,43.9,42.2,27.0,depleted
232,30,31.9,38.8,39.8,26.0,depleted
232,60,28.5,42.5,44.8,23.6,depleted
232,120,29.0,41.0,44.0,26.9,depleted
233,0,39.1,43.2,42.7,23.2,depleted
233,5,40.8,46.1,44.6,24.5,depleted
233,15,43.6,40.3,46.7,22.8,depleted
233,30,44.3,45.4,44.0,25.8,depleted
233,60,41.6,40.2,45.0,26.0,depleted
233,120,41.2,43.3,46.6,26.1,depleted
234,0,59.3,30.4,49.3,27.5,depleted
234,5,56.5,32.1,48.2,29.0,depleted
234,15,58.4,29.9,47.5,27.2,depleted
234,30,57.3,32.6,52.7,28.7,depleted
234,60,58.3,32.2,51.3,28.0,depleted
234,120,59.7,31.4,50.2,26.0,depleted
235,0,45.2,23.3,44.2,27.1,depleted
235,5,51.8,21.6,49.8,25.8,depleted
235,15,45.0,24.1,44.7,28.1,depleted
235,30,51.7,22.8,48.9,27.7,depleted
235,60,48.0,21.3,49.3,25.1,depleted
235,120,48.3,22.7,49.3,26.4,depleted
236,0,35.4,20.2,28.9,20.1,depleted
236,5,37.0,19.9,31.6,20.1,depleted
236,15,34.7,19.5,30.4,20.1,depleted
236,30,37.0,20.4,30.4,21.8,depleted
236,60,35.3,20.0,32.3,21.0,depleted
236,120,37.5,21.9,30.5,19.4,depleted
237,0,29.8,28.8,42.7,24.8,depleted
237,5,32.5,30.9,38.6,26.0,depleted
237,15,31.6,29.2,39.6,24.0,depleted
237,30,30.9,28.7,43.2,25.2,depleted
237,60,32.6,31.5,40.5,25.4,depleted
237,120,32.3,29.9,37.1,25.5,depleted
238,0,62.8,25.4,58.1,19.0,depleted
238,5,57.6,24.9,58.4,18.3,depleted
238,15,58.8,23.7,59.4,18.2,depleted
238,30,56.8,25.1,53.7,17.0,depleted
238,60,59.3,24.6,56.6,18.3,depleted
238,120,63.1,24.8,58.9,17.5,depleted
239,0,40.6,36.6,41.3,22.3,depleted
239,5,34.8,38.7,42.6,20.2,depleted
239,15,37.5,40.0,42.7,21.6,depleted
239,30,40.1,38.8,43.3,22.1,depleted
239,60,39.4,38.5,38.8,20.3,depleted
239,120,39.8,38.7,42.8,21.4,depleted
240,0,60.6,40.8,35.7,20.7,depleted
240,5,62.1,39.2,37.0,19.2,depleted
240,15,56.1,42.2,37.9,19.5,depleted
240,30,59.2,38.3,40.1,19.9,depleted
240,60,58.1,38.7,37.4,22.2,depleted
240,120,60.1,37.8,36.9,21.9,depleted
